<?xml version="1.0" encoding="UTF-8"?>
<!DOCTYPE plist PUBLIC "-//Apple Computer//DTD PLIST 1.0//EN" "http://www.apple.com/DTDs/PropertyList-1.0.dtd">
<plist version="1.0">
<dict>
	<key>nodeAttributes</key>
	<dict>
		<key>category</key>
		<string>- Kineme GL</string>
		<key>categories</key>
		<array>
			<string>- Kineme GL</string>
		</array>
		<key>copyright</key>
		<string>Copyright 2008 Kosada Incorporated. All rights reserved.</string>
		<key>description</key>
		<string>This patch outputs a grid of vertexes.

Despite being in the public release of GL Tools, this patch is considered a Beta and should not be used in a production environment.

http://kineme.net/</string>
		<key>name</key>
		<string>GL Grid Generator2</string>
	</dict>
	<key>inputAttributes</key>
	<dict>
		<key>inputHeight</key>
		<dict>
			<key>description</key>
			<string>Number of Rows in the grid</string>
			<key>name</key>
			<string>Grid Height</string>
		</dict>
		<key>inputWidth</key>
		<dict>
			<key>description</key>
			<string>Number of Columns in the grid</string>
			<key>name</key>
			<string>Grid Width</string>
		</dict>
	</dict>
	
	<key>outputAttributes</key>
	<dict>
		<key>outputGrid</key>
		<dict>
			<key>description</key>
			<string>The outpt grid structure</string>
			<key>name</key>
			<string>Output Structure</string>
		</dict>
	</dict>
	
</dict>
</plist>
