<?xml version="1.0" encoding="UTF-8"?>
<!DOCTYPE plist PUBLIC "-//Apple Computer//DTD PLIST 1.0//EN" "http://www.apple.com/DTDs/PropertyList-1.0.dtd">
<plist version="1.0">
<dict>
	<key>inputAttributes</key>
	<dict>
		<key>inputURL</key>
		<dict>
			<key>description</key>
			<string>The URL to retrieve</string>
			<key>name</key>
			<string>URL</string>
		</dict>
		<key>inputUpdate</key>
		<dict>
			<key>description</key>
			<string>Reload the URL</string>
			<key>name</key>
			<string>Update Signal</string>
		</dict>
	</dict>
	<key>nodeAttributes</key>
	<dict>
		<key>categories</key>
		<array>
			<string>Kineme FileTools</string>
		</array>
		<key>copyright</key>
		<string>Copyright © 2006-2008 Kosada Incorporated</string>
		<key>description</key>
		<string>This patch retrieves a URL into a string.

--
http://kineme.net/</string>
		<key>name</key>
		<string>String With URL</string>
	</dict>
	<key>outputAttributes</key>
	<dict>
		<key>outputURLContent</key>
		<dict>
			<key>description</key>
			<string>URL Response, if valid</string>
			<key>name</key>
			<string>URL Content</string>
		</dict>
	</dict>
</dict>
</plist>
