<?xml version="1.0" encoding="UTF-8"?>
<!DOCTYPE plist PUBLIC "-//Apple Computer//DTD PLIST 1.0//EN" "http://www.apple.com/DTDs/PropertyList-1.0.dtd">
<plist version="1.0">
<dict>
	<key>nodeAttributes</key>
	<dict>
		<key>categories</key>
		<array>
			<string>Kineme FileTools</string>
		</array>
		<key>copyright</key>
		<string>Copyright 2007 Kosada Incorporated</string>
		<key>description</key>
		<string>This patch loads a structure from a binary plist file.

--

http://kineme.net/</string>
		<key>name</key>
		<string>Structure From File</string>
	</dict>
	<key>outputAttributes</key>
	<dict>
		<key>outputStructure</key>
		<dict>
			<key>description</key>
			<string>The structure as read from Input File</string>
			<key>name</key>
			<string>Structure</string>
		</dict>
	</dict>
	<key>inputAttributes</key>
	<dict>
		<key>inputStructure</key>
		<dict>
			<key>description</key>
			<string>File to read for Structure</string>
			<key>name</key>
			<string>Structure</string>
		</dict>
		<key>inputFile</key>
		<dict>
			<key>description</key>
			<string>The file to read from.  File paths starting with '/' are absolute, with '~' are user-local, and otherwise composition-relative.</string>
			<key>name</key>
			<string>Input File</string>
		</dict>
		<key>inputSignal</key>
		<dict>
			<key>description</key>
			<string>Signals when to read the Structure from Input File</string>
			<key>name</key>
			<string>Read Signal</string>
		</dict>
	</dict>
</dict>
</plist>
