<?xml version="1.0" encoding="UTF-8"?>
<!DOCTYPE plist PUBLIC "-//Apple Computer//DTD PLIST 1.0//EN" "http://www.apple.com/DTDs/PropertyList-1.0.dtd">
<plist version="1.0">
<dict>
	<key>nodeAttributes</key>
	<dict>
		<key>category</key>
		<string>Kineme ChartTools</string>
		<key>categories</key>
		<array>
			<string>Kineme ChartTools</string>
		</array>
		<key>copyright</key>
		<string>Copyright 2010 Kosada Incorporated. All rights reserved.</string>
		<key>description</key>
		<string>Takes the data from the "Data Structure" input and prepares it for use in a Kineme Chart Renderer patch, to be rendered as a Cartesian (XY) chart.  The "Data Set" output should be attached to one of the "Data Set" inputs of the Chart Renderer patch.

Some of the input options only apply to certain types of charts (for instance, "Data Colors" will not affect Line charts).

http://kineme.net/</string>
		<key>name</key>
		<string>Chart Data: XY</string>
		<key>aliasNames</key>
		<array>
			<string>Graph</string>
			<string>Plot</string>
		</array>
	</dict>
	<key>inputAttributes</key>
	<dict>
		<key>inputType</key>
		<dict>
			<key>name</key>
			<string>Type</string>
			<key>description</key>
			<string>Type</string>
			<key>menu</key>
			<array>
				<string>Area</string>
				<string>Column</string>
				<string>Line</string>
			</array>		
		</dict>
		<key>inputXValueType</key>
		<dict>
			<key>name</key>
			<string>X Values</string>
			<key>description</key>
			<string>Controls whether to infer X values from the Data Structure or use 
sequential X values (0,1,2,...). If inferring X values, the Data Structure must be: 
- a dictionary mapping x-values to y-values ({1=1,2=4,3=9}), 
- an array of arrays ({{1,1},{2,4},{3,9}}), 
- an array of dictionaries ({{x=1,y=1},{x=2,y=4},{x=3,y=9}}), 
- a dictionary of arrays ({"a"={1,1}, "b"={2,4}, "c"={3,9}}), or 
- a dictionary of dictionaries ({"a"={x=1,y=1}, "b"={x=2,y=4}, "c"={x=3,y=9}}).</string>
			<key>menu</key>
			<array>
				<string>From data structure</string>
				<string>Sequential</string>
			</array>
		</dict>
		<key>inputDataStructure</key>
		<dict>
			<key>name</key>
			<string>Data Structure</string>
			<key>description</key>
			<string>A structure of data points.
Typically this should be an array,
however, if you'd like to label your data points,
build a dictionary of labels referencing values,
and turn on "Data Labels" in the Chart Renderer patch.</string>
		</dict>
		<key>inputDataColors</key>
		<dict>
			<key>name</key>
			<string>Data Colors</string>
			<key>description</key>
			<string>A color (from, for example, the "RGB Color" or "HSL Color" patches),
or a structure of colors.
If a structure is provided,
these colors will be used in alternation when drawing Column charts.</string>
		</dict>
		<key>inputDataSetLabel</key>
		<dict>
			<key>name</key>
			<string>Data Set Label</string>
			<key>description</key>
			<string>Label for this data set, displayed in the Legend.
Only visible when the Chart Renderer is using one of the Overlay layouts
and "Show Legend" is enabled.</string>
		</dict>
		<key>inputLineColor</key>
		<dict>
			<key>name</key>
			<string>Line Color</string>
			<key>description</key>
			<string>Line Color</string>
		</dict>
		<key>inputLineWidth</key>
		<dict>
			<key>name</key>
			<string>Line Width</string>
			<key>description</key>
			<string>Line Width</string>
		</dict>
		<key>inputColumnWidth</key>
		<dict>
			<key>name</key>
			<string>Column Width</string>
			<key>description</key>
			<string>Controls the relative width of columns when the "Type" is set to "Column".
Column Width = 1 results in columns that touch each other.
Column Width = 0.5 results in columns with 50% empty space in between.</string>
		</dict>
		<key>inputMarkerColor</key>
		<dict>
			<key>name</key>
			<string>Marker Color</string>
			<key>description</key>
			<string>Marker Color</string>
		</dict>
		<key>inputMarkerGlyph</key>
		<dict>
			<key>name</key>
			<string>Marker Glyph</string>
			<key>description</key>
			<string>Marker Glyph</string>
			<key>menu</key>
			<array>
				<string>Filled Circle</string>
				<string>Filled Diamond Suit</string>
				<string>Filled Medium Square</string>
				<string>Filled Right-pointing Triangle</string>
				<string>Filled Star</string>
				<string>Filled Up-pointing Triangle</string>
				<string>Circled Bullet</string>
				<string>Fish Eye</string>
				<string>Four Balloon Spoked Asterisk</string>
				<string>Heavy Asterisk</string>
				<string>Heavy Greek Cross</string>
				<string>Heavy Multiplication X</string>
				<string>Maltese Cross</string>
				<string>Plus Sign</string>
				<string>Squared Square</string>
				<string>Squared Times</string>
				<string>Outline Circle</string>
				<string>Outline Diamond Containing Filled</string>
				<string>Outline Diamond Minus Outline X</string>
				<string>Outline Diamond Suit</string>
				<string>Outline Medium Square</string>
				<string>Outline Right-pointing Triangle</string>
				<string>Outline Star</string>
				<string>Outline Up-pointing Triangle</string>
			</array>
		</dict>
		<key>inputCustomMarker</key>
		<dict>
			<key>name</key>
			<string>Custom Glyph</string>
			<key>description</key>
			<string>Custom Marker Glyph. 
Overrides Marker Glyph.</string>
		</dict>
		<key>inputMarkerFont</key>
		<dict>
			<key>name</key>
			<string>Marker Font</string>
			<key>description</key>
			<string>Font for the Custom Marker Glyph.</string>
		</dict>
		<key>inputMarkerSize</key>
		<dict>
			<key>name</key>
			<string>Marker Size</string>
			<key>description</key>
			<string>Marker Size</string>
		</dict>
		<key>inputShadowColor</key>
		<dict>
			<key>name</key>
			<string>Shadow Color</string>
			<key>description</key>
			<string>Shadow Color</string>
		</dict>
		<key>inputShadowAngle</key>
		<dict>
			<key>name</key>
			<string>Shadow Angle</string>
			<key>description</key>
			<string>Shadow Angle, in degrees.</string>
		</dict>
		<key>inputShadowOffset</key>
		<dict>
			<key>name</key>
			<string>Shadow Offset</string>
			<key>description</key>
			<string>Shadow Offset, in pixels.</string>
		</dict>
		<key>inputShadowBlur</key>
		<dict>
			<key>name</key>
			<string>Shadow Blur</string>
			<key>description</key>
			<string>Shadow Blur, in pixels.</string>
		</dict>
	</dict>
	<key>outputAttributes</key>
	<dict>
		<key>outputChartData</key>
		<dict>
			<key>name</key>
			<string>Data Set</string>
			<key>description</key>
			<string>Data Set, to connect to a Kineme Chart Renderer patch.</string>
		</dict>
	</dict>
</dict>
</plist>
