<?xml version="1.0" encoding="UTF-8"?>
<!DOCTYPE plist PUBLIC "-//Apple Computer//DTD PLIST 1.0//EN" "http://www.apple.com/DTDs/PropertyList-1.0.dtd">
<plist version="1.0">
<dict>
	<key>nodeAttributes</key>
	<dict>
		<key>category</key>
		<string>Kineme ChartTools</string>
		<key>categories</key>
		<array>
			<string>Kineme ChartTools</string>
		</array>
		<key>copyright</key>
		<string>Copyright 2010 Kosada Incorporated. All rights reserved.</string>
		<key>description</key>
		<string>This patch renders data from one or more Kineme Chart Data patches to a 2D output image.  The outputs from the Kineme Chart Data patches go into the Data Set inputs.  (Go to the Settings tab of the inspector to increase or decrease the number of data set inputs available.)

Note that various combinations of Area, Line, Column, and Pie charts may all be drawn together in one renderer when in Tile mode — but obviously Pie charts cannot be combined with Cartesian (XY) charts in Overlay mode.

http://kineme.net/</string>
		<key>name</key>
		<string>Chart Renderer</string>
		<key>aliasNames</key>
		<array>
			<string>Graph</string>
			<string>Plot</string>
			<string>Pie</string>
			<string>XY</string>
		</array>
	</dict>
	<key>inputAttributes</key>
	<dict>
		<key>inputTitle</key>
		<dict>
			<key>name</key>
			<string>Title</string>
			<key>description</key>
			<string>Text that appears at the top of the chart.
Multiple lines of text can be entered by pressing Option-Return.</string>
		</dict>
		<key>inputBackgroundColor</key>
		<dict>
			<key>name</key>
			<string>Background Color</string>
			<key>description</key>
			<string>Background Color</string>
		</dict>
		<key>inputShowLegend</key>
		<dict>
			<key>name</key>
			<string>Show Legend</string>
			<key>description</key>
			<string>Controls whether a Legend box is added to the chart.
Only applies to Cartesian (XY) Data Sets,
when rendered using one of the Overlay layout modes.</string>
		</dict>
		<key>inputShowFrame</key>
		<dict>
			<key>name</key>
			<string>Show Frame</string>
			<key>description</key>
			<string>Controls whether a frame is drawn around the chart.
Only applies to Cartesian (XY) Data Sets,
when rendered using one of the Overlay layout modes.
Requires the X Axis or Y Axis to be shown.</string>
		</dict>
		<key>inputLayout</key>
		<dict>
			<key>name</key>
			<string>Layout</string>
			<key>description</key>
			<string>Controls how multiple Data Sets are combined into a single Chart.</string>
			<key>menu</key>
			<array>
				<string>Overlay: Independent</string>
				<string>Overlay: Stacked Fraction</string>
				<string>Overlay: Stacked Value</string>
				<string>Tile: Horizontal</string>
				<string>Tile: Vertical</string>
			</array>		
		</dict>
		<key>inputFont</key>
		<dict>
			<key>name</key>
			<string>Font Name</string>
			<key>description</key>
			<string>Same format as the Font Name parameter on the Image With String patch.
For example, "LucidaGrande" is the normal variant of the font,
and "LucidaGrande-Bold" is the bold variant.</string>
		</dict>
		<key>inputFontSize</key>
		<dict>
			<key>name</key>
			<string>Font Size</string>
			<key>description</key>
			<string>Font Size</string>
		</dict>
		<key>inputDataPointLabels</key>
		<dict>
			<key>name</key>
			<string>Data Labels</string>
			<key>description</key>
			<string>Controls whether Labels are drawn for each data point,
and what to label each data point with.</string>
			<key>menu</key>
			<array>
				<string>None</string>
				<string>Keys</string>
				<string>Values</string>
			</array>
		</dict>
		<key>inputDataPointLabelColor</key>
		<dict>
			<key>name</key>
			<string>Data Label Color</string>
			<key>description</key>
			<string>Data Label Color</string>
		</dict>
		<key>inputShowXAxis</key>
		<dict>
			<key>name</key>
			<string>Show X Axis</string>
			<key>description</key>
			<string>Controls whether the X Axis tickmarks and labels are drawn.
Only applies to Cartesian (XY) charts.</string>
		</dict>
		<key>inputXAxisScale</key>
		<dict>
			<key>name</key>
			<string>X Axis Scale</string>
			<key>description</key>
			<string>X Axis Scale</string>
			<key>menu</key>
			<array>
				<string>Linear</string>
				<string>Log10</string>
			</array>		
		</dict>
		<key>inputXAxisTitle</key>
		<dict>
			<key>name</key>
			<string>X Axis Title</string>
			<key>description</key>
			<string>X Axis Title</string>
		</dict>
		<key>inputShowXMajorLines</key>
		<dict>
			<key>name</key>
			<string>Show X Lines</string>
			<key>description</key>
			<string>Controls whether the X Axis tickmarks are drawn across the entire chart.
Only applies to Cartesian (XY) charts.</string>
		</dict>
		<key>inputShowYAxis</key>
		<dict>
			<key>name</key>
			<string>Show Y Axis</string>
			<key>description</key>
			<string>Controls whether the Y Axis tickmarks and labels are drawn.
Only applies to Cartesian (XY) charts.</string>
		</dict>
		<key>inputYAxisScale</key>
		<dict>
			<key>name</key>
			<string>Y Axis Scale</string>
			<key>description</key>
			<string>Y Axis Scale</string>
			<key>menu</key>
			<array>
				<string>Linear</string>
				<string>Log10</string>
			</array>		
		</dict>
		<key>inputYAxisTitle</key>
		<dict>
			<key>name</key>
			<string>Y Axis Title</string>
			<key>description</key>
			<string>Y Axis Title</string>
		</dict>
		<key>inputShowYMajorLines</key>
		<dict>
			<key>name</key>
			<string>Show Y Lines</string>
			<key>description</key>
			<string>Controls whether the Y Axis tickmarks are drawn across the entire chart.
Only applies to Cartesian (XY) charts.</string>
		</dict>
		<key>inputWidth</key>
		<dict>
			<key>name</key>
			<string>Image Width</string>
			<key>description</key>
			<string>Output Image width, in pixels.</string>
		</dict>
		<key>inputHeight</key>
		<dict>
			<key>name</key>
			<string>Image Height</string>
			<key>description</key>
			<string>Output Image height, in pixels.</string>
		</dict>
		<key>inputMargin</key>
		<dict>
			<key>name</key>
			<string>Margin</string>
			<key>description</key>
			<string>Margin width, in pixels.
Only applies to Cartesian (XY) Data Sets,
when rendered using one of the Overlay layout modes.</string>
		</dict>
	</dict>
	<key>outputAttributes</key>
	<dict>
        <key>outputImage</key>
        <dict>
            <key>name</key>
            <string>Image</string>
            <key>description</key>
            <string>Chart Image</string>
        </dict>
	</dict>
</dict>
</plist>
