<?xml version="1.0" encoding="UTF-8"?>
<!DOCTYPE plist PUBLIC "-//Apple Computer//DTD PLIST 1.0//EN" "http://www.apple.com/DTDs/PropertyList-1.0.dtd">
<plist version="1.0">
<dict>
	<key>nodeAttributes</key>
	<dict>
		<key>category</key>
		<string>Kineme ChartTools</string>
		<key>categories</key>
		<array>
			<string>Kineme ChartTools</string>
		</array>
		<key>copyright</key>
		<string>Copyright 2010 Kosada Incorporated. All rights reserved.</string>
		<key>description</key>
		<string>Takes the data from the "Data Structure" input and prepares it for use in a Kineme Chart Renderer patch, to be rendered as a Pie chart.  The "Data Set" output should be attached to one of the "Data Set" inputs of the Chart Renderer patch.

http://kineme.net/</string>
		<key>name</key>
		<string>Chart Data: Pie</string>
		<key>aliasNames</key>
		<array>
			<string>Graph</string>
			<string>Plot</string>
			<string>Circle</string>
		</array>
	</dict>
	<key>inputAttributes</key>
	<dict>
		<key>inputDataStructure</key>
		<dict>
			<key>name</key>
			<string>Data Structure</string>
			<key>description</key>
			<string>A structure of data points.
Typically this should be an array,
however, if you'd like to label your data points,
build a dictionary of labels referencing values,
and turn on "Data Labels" in the Chart Renderer patch.</string>
		</dict>
		<key>inputDataColors</key>
		<dict>
			<key>name</key>
			<string>Data Colors</string>
			<key>description</key>
			<string>A color (from, for example, the "RGB Color" or "HSL Color" patches),
or a structure of colors.
If a structure is provided,
these colors will be used in alternation when drawing Pie charts.</string>
		</dict>
		<key>inputStartingAngle</key>
		<dict>
			<key>name</key>
			<string>Starting Angle</string>
			<key>description</key>
			<string>Starting Angle, in degrees.</string>
		</dict>
		<key>inputLabelPosition</key>
		<dict>
			<key>name</key>
			<string>Label Position</string>
			<key>description</key>
			<string>Relative label position.
Label Position = 0 results in labels being drawn at the center of the pie chart (not too useful).
Label Position = 1 results in labels being drawn at the edge of the pie chart.</string>
		</dict>
		<key>inputLineColor</key>
		<dict>
			<key>name</key>
			<string>Line Color</string>
			<key>description</key>
			<string>Line Color</string>
		</dict>
		<key>inputLineWidth</key>
		<dict>
			<key>name</key>
			<string>Line Width</string>
			<key>description</key>
			<string>Line Width</string>
		</dict>
		<key>inputShadowColor</key>
		<dict>
			<key>name</key>
			<string>Shadow Color</string>
			<key>description</key>
			<string>Shadow Color</string>
		</dict>
		<key>inputShadowAngle</key>
		<dict>
			<key>name</key>
			<string>Shadow Angle</string>
			<key>description</key>
			<string>Shadow Angle, in degrees.</string>
		</dict>
		<key>inputShadowOffset</key>
		<dict>
			<key>name</key>
			<string>Shadow Offset</string>
			<key>description</key>
			<string>Shadow Offset, in pixels.</string>
		</dict>
		<key>inputShadowBlur</key>
		<dict>
			<key>name</key>
			<string>Shadow Blur</string>
			<key>description</key>
			<string>Shadow Blur, in pixels.</string>
		</dict>
	</dict>
	<key>outputAttributes</key>
	<dict>
		<key>outputChartData</key>
		<dict>
			<key>name</key>
			<string>Data Set</string>
			<key>description</key>
			<string>Data Set, to connect to a Kineme Chart Renderer patch.</string>
		</dict>
	</dict>
</dict>
</plist>
