<?xml version="1.0" encoding="UTF-8"?>
<!DOCTYPE plist PUBLIC "-//Apple Computer//DTD PLIST 1.0//EN" "http://www.apple.com/DTDs/PropertyList-1.0.dtd">
<plist version="1.0">
<dict>
	<key>nodeAttributes</key>
	<dict>
		<key>category</key>
		<string>Kineme GL</string>
		<key>categories</key>
		<array>
			<string>Kineme GL</string>
		</array>
		<key>copyright</key>
		<string>Copyright 2008 Kosada Incorporated. All rights reserved.</string>
		<key>description</key>
		<string>This patch clears the OpenGL Depth Buffer to a specified value between 0 and 1.  1 is the default.
		
http://kineme.net/</string>
		<key>name</key>
		<string>GL Clear Depth</string>
	</dict>
	<key>inputAttributes</key>
	<dict>
		<key>inputDepth</key>
		<dict>
			<key>description</key>
			<string>The value to clear the depth buffer to</string>
			<key>name</key>
			<string>Depth</string>
		</dict>
	</dict>
	<key>outputAttributes</key>
	<dict>
	</dict>
</dict>
</plist>
