<?xml version="1.0" encoding="UTF-8"?>
<!DOCTYPE plist PUBLIC "-//Apple Computer//DTD PLIST 1.0//EN" "http://www.apple.com/DTDs/PropertyList-1.0.dtd">
<plist version="1.0">
<dict>
	<key>nodeAttributes</key>
	<dict>
		<key>category</key>
		<string>Kineme GL</string>
		<key>categories</key>
		<array>
			<string>Kineme GL</string>
		</array>
		<key>copyright</key>
		<string>Copyright 2008 Kosada Incorporated. All rights reserved.</string>
		<key>description</key>
		<string>This patch applies a Scissor test to rendered objects.
		
http://kineme.net/</string>
		<key>name</key>
		<string>GL Scissor</string>
	</dict>
	<key>inputAttributes</key>
	<dict>
		<key>inputX</key>
		<dict>
			<key>description</key>
			<string>X position for lower-right corner of scissor region</string>
			<key>name</key>
			<string>X Position</string>
		</dict>
		<key>inputY</key>
		<dict>
			<key>description</key>
			<string>Y position for lower-right corner of scissor region</string>
			<key>name</key>
			<string>Y Position</string>
		</dict>
		<key>inputWidth</key>
		<dict>
			<key>description</key>
			<string>height of scissor region</string>
			<key>name</key>
			<string>Width</string>
		</dict>
		<key>inputHeight</key>
		<dict>
			<key>description</key>
			<string>width of scissor region</string>
			<key>name</key>
			<string>Height</string>
		</dict>

	</dict>
</dict>
</plist>
