<?xml version="1.0" encoding="UTF-8"?>
<!DOCTYPE plist PUBLIC "-//Apple Computer//DTD PLIST 1.0//EN" "http://www.apple.com/DTDs/PropertyList-1.0.dtd">
<plist version="1.0">
<dict>
	<key>nodeAttributes</key>
	<dict>
		<key>category</key>
		<string>Kineme GL</string>
		<key>categories</key>
		<array>
			<string>Kineme GL</string>
		</array>
		<key>copyright</key>
		<string>Copyright 2008 Kosada Incorporated. All rights reserved.</string>
		<key>description</key>
		<string>This patch modifies the GL Projection Matrix to use an arbitrary Field of View.
		
http://kineme.net/</string>
		<key>name</key>
		<string>GL Field of View</string>
	</dict>
	<key>inputAttributes</key>
	<dict>

		<key>inputFieldOfView</key>
		<dict>
			<key>description</key>
			<string>Field of View in degrees.  Internally limited to 0.5 - 180.0.</string>
			<key>name</key>
			<string>Field of View</string>
		</dict>
		
	</dict>
	<key>outputAttributes</key>
	<dict>
	</dict>
</dict>
</plist>
