<?xml version="1.0" encoding="UTF-8"?>
<!DOCTYPE plist PUBLIC "-//Apple Computer//DTD PLIST 1.0//EN" "http://www.apple.com/DTDs/PropertyList-1.0.dtd">
<plist version="1.0">
<dict>
	<key>nodeAttributes</key>
	<dict>
		<key>category</key>
		<string>Kineme GL</string>
		<key>categories</key>
		<array>
			<string>Kineme GL</string>
		</array>
		<key>copyright</key>
		<string>Copyright 2008 Kosada Incorporated. All rights reserved.</string>
		<key>description</key>
		<string>This patch modifies the GL Scale to resize objects on each axis
		
http://kineme.net/</string>
		<key>name</key>
		<string>GL Scale</string>
	</dict>
	<key>inputAttributes</key>
	<dict>
		<key>inputX</key>
		<dict>
			<key>description</key>
			<string>X Scale Factor</string>
			<key>name</key>
			<string>X</string>
		</dict>
		<key>inputY</key>
		<dict>
			<key>description</key>
			<string>Y Scale Factor</string>
			<key>name</key>
			<string>Y</string>
		</dict>
		<key>inputZ</key>
		<dict>
			<key>description</key>
			<string>Z Scale Factor</string>
			<key>name</key>
			<string>Z</string>
		</dict>
		<key>inputFixLighting</key>
		<dict>
			<key>description</key>
			<string>Renormalizes normals to fix lighting.  Slows things down a bit, so only use it if you're using lighting</string>
			<key>name</key>
			<string>Lighting</string>
		</dict>
	</dict>
	<key>outputAttributes</key>
	<dict>
	</dict>
</dict>
</plist>
